,district_name,instruction_total,support_total,community_total,other_total,sum_total,instruction_per_pupil,support_per_pupil,community_per_pupil,other_per_pupil,sum_per_pupil,county,year
0,MAPLETON 1,39962942,23760636,237704,5474579,69435862, 5556 , 3303 , 33 , 761 , 9653 ,ADAMS,2010
1,ADAMS 12 FIVE STAR,220263102,130356958,943009,83867989,435431057, 5482 , 3244 , 23 , 2087 , 10837 ,ADAMS,2010
2,ADAMS COUNTY 14,34792431,34598159,703485,7862015,77956091, 4956 , 4928 , 100 , 1120 , 11104 ,ADAMS,2010
3,BRIGHTON 27J,62557927,50921503,219987,18440305,132139723, 4397 , 3579 , 15 , 1296 , 9287 ,ADAMS,2010
4,BENNETT 29J,4853879,3540284,0,1004359,9398521, 4537 , 3309 , 0 , 939 , 8784 ,ADAMS,2010
5,STRASBURG 31J,4497076,3223717,-4300,1009507,8726000, 4697 , 3367 ,(4), 1054 , 9114 ,ADAMS,2010
6,WESTMINSTER 50,51573466,45083219,672186,17935732,115264602, 5423 , 4740 , 71 , 1886 , 12119 ,ADAMS,2010
7,ALAMOSA RE-11J,9485099,7644903,0,11335082,28465085, 4496 , 3624 , 0 , 5373 , 13492 ,ALAMOSA,2010
8,SANGRE DE CRISTO RE-22J,1801524,1692183,0,18232716,21726423, 5922 , 5563 , 0 , 59937 , 71422 ,ALAMOSA,2010
9,ENGLEWOOD 1,18997302,13744698,198072,3669671,36609743, 6239 , 4514 , 65 , 1205 , 12024 ,ARAPAHOE,2010
10,SHERIDAN 2,10383421,9979789,127830,2772336,23263376, 6942 , 6672 , 85 , 1853 , 15552 ,ARAPAHOE,2010
11,CHERRY CREEK 5,325369557,149536602,1109534,133309143,609324836, 6587 , 3027 , 22 , 2699 , 12336 ,ARAPAHOE,2010
12,LITTLETON 6,83166890,50805003,7107,107665512,241644511, 5526 , 3376 , 0 , 7154 , 16056 ,ARAPAHOE,2010
13,DEER TRAIL 26J,1237708,993160,22924,36542,2290335, 7853 , 6302 , 145 , 232 , 14533 ,ARAPAHOE,2010
14,ADAMS-ARAPAHOE 28J,203395982,142545814,1722591,88992578,436656965, 5719 , 4008 , 48 , 2502 , 12277 ,ARAPAHOE,2010
15,BYERS 32J,2422463,1796628,46372,678881,4944344, 5203 , 3859 , 100 , 1458 , 10619 ,ARAPAHOE,2010
16,ARCHULETA COUNTY 50 JT,7128229,6552572,0,938320,14619122, 4658 , 4282 , 0 , 613 , 9552 ,ARCHULETA,2010
17,WALSH RE-1,1214733,943145,0,12757,2170636, 7832 , 6081 , 0 , 82 , 13995 ,BACA,2010
18,PRITCHETT RE-3,674360,552710,0,0,1227070, 10553 , 8650 , 0 , 0 , 19203 ,BACA,2010
19,SPRINGFIELD RE-4,1709815,1165675,0,25746,2901237, 6286 , 4286 , 0 , 95 , 10666 ,BACA,2010
20,VILAS RE-5,1420186,1288084,0,1913,2710183, 4006 , 3634 , 0 , 5 , 7645 ,BACA,2010
21,CAMPO RE-6,514503,642737,16051,0,1173291, 10543 , 13171 , 329 , 0 , 24043 ,BACA,2010
22,LAS ANIMAS RE-1,2714008,2162696,0,595920,5472624, 5052 , 4026 , 0 , 1109 , 10187 ,BENT,2010
23,MCCLAVE RE-2,1495150,1175805,1355,365876,3038185, 5453 , 4288 , 5 , 1334 , 11080 ,BENT,2010
24,ST VRAIN VALLEY RE 1J,134680278,93342064,624306,182742738,411389385, 5283 , 3661 , 24 , 7168 , 16137 ,BOULDER,2010
25,BOULDER VALLEY RE 2,174694230,102951401,4911328,94371626,376928586, 6206 , 3657 , 174 , 3353 , 13391 ,BOULDER,2010
26,BUENA VISTA R-31,5631925,4225231,0,638553,10495709, 6112 , 4586 , 0 , 693 , 11391 ,CHAFFEE,2010
27,SALIDA R-32,6758272,5223828,365557,3155491,15503147, 6289 , 4861 , 340 , 2936 , 14427 ,CHAFFEE,2010
28,KIT CARSON R-1,1087627,948370,0,32501,2068498, 10339 , 9015 , 0 , 309 , 19663 ,CHEYENNE,2010
29,CHEYENNE COUNTY RE-5,1669825,1427090,248,785781,3882944, 9090 , 7769 , 1 , 4278 , 21137 ,CHEYENNE,2010
30,CLEAR CREEK RE-1,5299198,4422078,0,2252818,11974094, 5774 , 4819 , 0 , 2455 , 13048 ,CLEAR CREEK,2010
31,NORTH CONEJOS RE-1J,5851244,3390402,0,204889,9446536, 5445 , 3155 , 0 , 191 , 8790 ,CONEJOS,2010
32,SANFORD 6J,1870887,846710,0,366532,3084130, 5774 , 2613 , 0 , 1131 , 9519 ,CONEJOS,2010
33,SOUTH CONEJOS RE-10,1764258,1422919,109,40975,3228261, 6635 , 5351 , 0 , 154 , 12141 ,CONEJOS,2010
34,CENTENNIAL R-1,1191954,1312466,0,7494582,9999002, 5144 , 5665 , 0 , 32346 , 43155 ,COSTILLA,2010
35,SIERRA GRANDE R-30,1620100,1551484,0,373376,3544959, 6229 , 5965 , 0 , 1436 , 13629 ,COSTILLA,2010
36,CROWLEY COUNTY RE-1-J,2317495,1897637,0,195695,4410827, 4659 , 3815 , 0 , 393 , 8868 ,CROWLEY,2010
37,CONSOLIDATED C-1,2505353,1737573,0,456990,4699916, 5382 , 3733 , 0 , 982 , 10096 ,CUSTER,2010
38,DELTA COUNTY 50(J),27756045,13885330,28269,10545417,52215061, 5436 , 2720 , 6 , 2066 , 10227 ,DELTA,2010
39,DENVER COUNTY 1,438251412,369798031,18599153,400556989,1227205585, 6022 , 5082 , 256 , 5504 , 16864 ,DENVER,2010
40,DOLORES COUNTY RE NO.2,1619037,1386826,0,391237,3397100, 5948 , 5095 , 0 , 1437 , 12480 ,DOLORES,2010
41,DOUGLAS COUNTY RE 1,287808328,184354717,370600,207309771,679843415, 4967 , 3182 , 6 , 3578 , 11732 ,DOUGLAS,2010
42,EAGLE COUNTY RE 50,36225939,30210942,446318,23303976,90187174, 6196 , 5167 , 76 , 3986 , 15425 ,EAGLE,2010
43,ELIZABETH C-1,11846354,8653830,221590,3550094,24271868, 4494 , 3283 , 84 , 1347 , 9207 ,ELBERT,2010
44,KIOWA C-2,1977002,1403446,0,306892,3687341, 5719 , 4060 , 0 , 888 , 10666 ,ELBERT,2010
45,BIG SANDY 100J,2096333,1193845,2248,37645,3330070, 6873 , 3914 , 7 , 123 , 10918 ,ELBERT,2010
46,ELBERT 200,1481918,1009204,0,62475,2553598, 6336 , 4315 , 0 , 267 , 10917 ,ELBERT,2010
47,AGATE 300,425028,441689,0,7571,874287, 8350 , 8678 , 0 , 149 , 17177 ,ELBERT,2010
48,CALHAN RJ-1,3023985,2146057,0,2418451,7588494, 5001 , 3549 , 0 , 3999 , 12549 ,EL PASO,2010
49,HARRISON 2,54044629,42646191,287025,50164023,147141867, 5218 , 4117 , 28 , 4843 , 14206 ,EL PASO,2010
50,WIDEFIELD 3,39516228,28157023,1241582,3812723,72727556, 4729 , 3369 , 149 , 456 , 8703 ,EL PASO,2010
51,FOUNTAIN 8,37870779,27346307,147492,11470695,76835273, 5351 , 3864 , 21 , 1621 , 10857 ,EL PASO,2010
52,COLORADO SPRINGS 11,161092973,108186543,1092919,47693330,318065765, 5704 , 3830 , 39 , 1689 , 11261 ,EL PASO,2010
53,CHEYENNE MOUNTAIN 12,22570602,14167082,42775,5416241,42196700, 5083 , 3191 , 10 , 1220 , 9504 ,EL PASO,2010
54,MANITOU SPRINGS 14,7918041,5412704,5492,7182559,20518796, 5893 , 4028 , 4 , 5345 , 15270 ,EL PASO,2010
55,ACADEMY 20,114948955,73502417,110779,30962350,219524501, 5252 , 3358 , 5 , 1415 , 10029 ,EL PASO,2010
56,ELLICOTT 22,3872894,3200748,0,1184566,8258208, 4142 , 3423 , 0 , 1267 , 8831 ,EL PASO,2010
57,PEYTON 23 JT,2901835,2485926,0,629396,6017158, 4368 , 3742 , 0 , 947 , 9057 ,EL PASO,2010
58,HANOVER 28,1482289,1294630,0,8958674,11735593, 5719 , 4995 , 0 , 34563 , 45276 ,EL PASO,2010
59,LEWIS-PALMER 38,25630125,21124864,256360,11822654,58834002, 4549 , 3750 , 46 , 2098 , 10443 ,EL PASO,2010
60,FALCON 49,59459096,48404997,13822,18873666,126751580, 4239 , 3451 , 1 , 1345 , 9036 ,EL PASO,2010
61,EDISON 54 JT,1296122,1132324,0,108172,2536619, 6366 , 5562 , 0 , 531 , 12459 ,EL PASO,2010
62,MIAMI/YODER 60 JT,2064279,1619294,0,366832,4050406, 6481 , 5084 , 0 , 1152 , 12717 ,EL PASO,2010
63,CANON CITY RE-1,17962021,12674685,216931,2708711,33562348, 4721 , 3331 , 57 , 712 , 8822 ,FREMONT,2010
64,FLORENCE RE-2,7606216,6000356,53636,1936295,15596503, 4580 , 3613 , 32 , 1166 , 9392 ,FREMONT,2010
65,COTOPAXI RE-3,1609096,1163295,0,249481,3021872, 7405 , 5353 , 0 , 1148 , 13906 ,FREMONT,2010
66,ROARING FORK RE-1,30316806,16946356,0,9955959,57219121, 5909 , 3303 , 0 , 1941 , 11153 ,GARFIELD,2010
67,GARFIELD RE-2,23068475,17703852,19496,24546883,65338706, 4802 , 3685 , 4 , 5110 , 13602 ,GARFIELD,2010
68,GARFIELD 16,5762215,5234109,0,7879888,18876212, 4908 , 4458 , 0 , 6711 , 16077 ,GARFIELD,2010
69,GILPIN COUNTY RE-1,2467691,2159324,0,1943793,6570808, 7435 , 6506 , 0 , 5857 , 19798 ,GILPIN,2010
70,WEST GRAND 1-JT.,2652712,2044068,1876,1023870,5722526, 5802 , 4471 , 4 , 2239 , 12516 ,GRAND,2010
71,EAST GRAND 2,7272497,5708451,6348,3339793,16327089, 5466 , 4291 , 5 , 2510 , 12272 ,GRAND,2010
72,GUNNISON WATERSHED RE1J,9412766,6288162,24,15273205,30974157, 5439 , 3634 , 0 , 8825 , 17898 ,GUNNISON,2010
73,HINSDALE COUNTY RE 1,721625,601989,6880,108459,1438952, 8560 , 7141 , 82 , 1287 , 17069 ,HINSDALE,2010
74,HUERFANO RE-1,3050360,2714652,0,520259,6285272, 5177 , 4607 , 0 , 883 , 10667 ,HUERFANO,2010
75,LA VETA RE-2,1484452,1329084,0,168002,2981538, 6027 , 5396 , 0 , 682 , 12105 ,HUERFANO,2010
76,NORTH PARK R-1,1458972,1289280,10979,0,2759231, 7421 , 6558 , 56 , 0 , 14035 ,JACKSON,2010
77,JEFFERSON COUNTY R-1,454936511,300391391,200277,136328752,891856933, 5603 , 3700 , 2 , 1679 , 10985 ,JEFFERSON,2010
78,EADS RE-1,1278627,908047,0,0,2186674, 7306 , 5189 , 0 , 0 , 12495 ,KIOWA,2010
79,PLAINVIEW RE-2,617936,560560,0,2335,1180831, 7902 , 7168 , 0 , 30 , 15100 ,KIOWA,2010
80,ARRIBA-FLAGLER C-20,1206717,898842,25935,124469,2255963, 7770 , 5788 , 167 , 801 , 14526 ,KIT CARSON,2010
81,HI PLAINS R-23,877543,775064,0,756,1653363, 8007 , 7072 , 0 , 7 , 15085 ,KIT CARSON,2010
82,STRATTON R-4,1295799,977592,0,61104,2334495, 6512 , 4913 , 0 , 307 , 11731 ,KIT CARSON,2010
83,BETHUNE R-5,1108049,845682,0,974,1954705, 9188 , 7012 , 0 , 8 , 16208 ,KIT CARSON,2010
84,BURLINGTON RE-6J,3688842,2547574,33597,779506,7049519, 5005 , 3456 , 46 , 1058 , 9564 ,KIT CARSON,2010
85,LAKE COUNTY R-1,6025504,4690713,838499,1135497,12690213, 5553 , 4323 , 773 , 1047 , 11696 ,LAKE,2010
86,DURANGO 9-R,23171208,16241279,166236,38246828,77825551, 5142 , 3604 , 37 , 8487 , 17269 ,LA PLATA,2010
87,BAYFIELD 10 JT-R,6276421,5090927,0,1519012,12886360, 4697 , 3809 , 0 , 1137 , 9643 ,LA PLATA,2010
88,IGNACIO 11 JT,5266768,4611626,242,374139,10252776, 6762 , 5921 , 0 , 480 , 13163 ,LA PLATA,2010
89,POUDRE R-1,131660692,97631552,483298,33289706,263065248, 5164 , 3829 , 19 , 1306 , 10318 ,LARIMER,2010
90,THOMPSON R-2J,72245352,56991771,2224388,14897306,146358817, 4993 , 3939 , 154 , 1030 , 10115 ,LARIMER,2010
91,PARK (ESTES PARK) R-3,6212577,4640598,0,2243672,13096847, 5381 , 4019 , 0 , 1943 , 11343 ,LARIMER,2010
92,TRINIDAD 1,7199190,5658567,3249,1040571,13901578, 4957 , 3897 , 2 , 717 , 9573 ,LAS ANIMAS,2010
93,PRIMERO REORGANIZED 2,1496695,1363504,0,1468978,4329177, 7266 , 6619 , 0 , 7131 , 21015 ,LAS ANIMAS,2010
94,HOEHNE REORGANIZED 3,1526007,1552144,0,319534,3397684, 4680 , 4760 , 0 , 980 , 10419 ,LAS ANIMAS,2010
95,AGUILAR REORGANIZED 6,1224629,917243,0,86848,2228719, 9964 , 7463 , 0 , 707 , 18134 ,LAS ANIMAS,2010
96,BRANSON REORGANIZED 82,2136497,1270103,9720,0,3416320, 4896 , 2910 , 22 , 0 , 7828 ,LAS ANIMAS,2010
97,KIM REORGANIZED 88,604028,541883,0,0,1145911, 10597 , 9507 , 0 , 0 , 20104 ,LAS ANIMAS,2010
98,GENOA-HUGO C-113,1273861,1059313,5173,123401,2461748, 7458 , 6202 , 30 , 722 , 14413 ,LINCOLN,2010
99,LIMON RE-4J,2579260,1632118,282,638962,4850622, 5583 , 3533 , 1 , 1383 , 10499 ,LINCOLN,2010
100,KARVAL RE-23,1049533,841421,0,45804,1936758, 4503 , 3610 , 0 , 196 , 8309 ,LINCOLN,2010
101,VALLEY RE-1,11831259,8373078,79958,1941903,22226197, 5063 , 3583 , 34 , 831 , 9511 ,LOGAN,2010
102,FRENCHMAN RE-3,1517818,1005411,0,196874,2720103, 8078 , 5351 , 0 , 1048 , 14476 ,LOGAN,2010
103,BUFFALO RE-4,1815186,1346914,0,161114,3323214, 5880 , 4363 , 0 , 522 , 10765 ,LOGAN,2010
104,PLATEAU RE-5,1383907,1124767,0,94563,2603237, 8590 , 6982 , 0 , 587 , 16159 ,LOGAN,2010
105,DE BEQUE 49JT,1055154,765557,0,268824,2089535, 7674 , 5568 , 0 , 1955 , 15197 ,MESA,2010
106,PLATEAU VALLEY 50,2377474,1544894,0,417381,4339749, 5125 , 3330 , 0 , 900 , 9355 ,MESA,2010
107,MESA COUNTY VALLEY 51,110888342,68180574,335939,30507658,209912512, 5274 , 3243 , 16 , 1451 , 9984 ,MESA,2010
108,CREEDE CONSOLIDATED 1,1098261,683583,0,31108,1812953, 10381 , 6461 , 0 , 294 , 17136 ,MINERAL,2010
109,MOFFAT COUNTY RE:NO 1,13807210,8544652,0,3057069,25408930, 6090 , 3769 , 0 , 1348 , 11207 ,MOFFAT,2010
110,MONTEZUMA-CORTEZ RE-1,14244343,12057921,500,248679,26551443, 4957 , 4196 , 0 , 87 , 9240 ,MONTEZUMA,2010
111,DOLORES RE-4A,3423483,2376541,478,387710,6188212, 5150 , 3575 , 1 , 583 , 9308 ,MONTEZUMA,2010
112,MANCOS RE-6,1992988,2076534,-158,184455,4253819, 5330 , 5554 , 0 , 493 , 11377 ,MONTEZUMA,2010
113,MONTROSE COUNTY RE-1J,29236992,20160783,591669,3270430,53259874, 4813 , 3319 , 97 , 538 , 8768 ,MONTROSE,2010
114,WEST END RE-2,1723647,2078211,305,106793,3908957, 5477 , 6604 , 1 , 339 , 12421 ,MONTROSE,2010
115,BRUSH RE-2(J),7385027,5080700,0,1127769,13593496, 5111 , 3516 , 0 , 781 , 9408 ,MORGAN,2010
116,FORT MORGAN RE-3,14253963,12320339,332222,2826542,29733067, 4746 , 4102 , 111 , 941 , 9900 ,MORGAN,2010
117,WELDON VALLEY RE-20(J),1450791,867092,25540,148469,2491892, 7218 , 4314 , 127 , 739 , 12397 ,MORGAN,2010
118,WIGGINS RE-50(J),2704561,1844163,0,420834,4969558, 5297 , 3612 , 0 , 824 , 9733 ,MORGAN,2010
119,EAST OTERO R-1,7295150,5459713,199384,1332193,14286440, 5343 , 3999 , 146 , 976 , 10464 ,OTERO,2010
120,ROCKY FORD R-2,4645716,3519313,22537,6000,8193567, 5719 , 4333 , 28 , 7 , 10087 ,OTERO,2010
121,MANZANOLA 3J,1312280,1450115,3527,830499,3596421, 7132 , 7881 , 19 , 4514 , 19546 ,OTERO,2010
122,FOWLER R-4J,2467599,1400093,0,265983,4133675, 5927 , 3363 , 0 , 639 , 9930 ,OTERO,2010
123,CHERAW 31,1385061,920084,46726,297531,2649402, 6905 , 4587 , 233 , 1483 , 13207 ,OTERO,2010
124,SWINK 33,2202269,1541879,0,1203084,4947231, 6012 , 4209 , 0 , 3284 , 13506 ,OTERO,2010
125,OURAY R-1,2004020,1101635,0,251333,3356987, 8675 , 4769 , 0 , 1088 , 14532 ,OURAY,2010
126,RIDGWAY R-2,2336416,1896742,4000,1178450,5415607, 6974 , 5662 , 12 , 3518 , 16166 ,OURAY,2010
127,PLATTE CANYON 1,5964977,4893780,139138,990349,11988244, 5130 , 4209 , 120 , 852 , 10311 ,PARK,2010
128,PARK COUNTY RE-2,4077427,2859773,7079,8538280,15482560, 7617 , 5342 , 13 , 15950 , 28923 ,PARK,2010
129,HOLYOKE RE-1J,3657401,1885286,0,213843,5756531, 6328 , 3262 , 0 , 370 , 9959 ,PHILLIPS,2010
130,HAXTUN RE-2J,2009137,1028345,0,45812,3083294, 6878 , 3521 , 0 , 157 , 10556 ,PHILLIPS,2010
131,ASPEN 1,16237683,6969094,0,9404104,32610880, 9849 , 4227 , 0 , 5704 , 19780 ,PITKIN,2010
132,GRANADA RE-1,1624147,1015182,0,698,2640027, 6992 , 4370 , 0 , 3 , 11365 ,PROWERS,2010
133,LAMAR RE-2,8864198,4528125,92651,4393604,17878577, 5605 , 2863 , 59 , 2778 , 11306 ,PROWERS,2010
134,HOLLY RE-3,1667088,1069183,34070,860861,3631202, 6010 , 3854 , 123 , 3103 , 13090 ,PROWERS,2010
135,WILEY RE-13 JT,1479268,957908,0,112259,2549435, 6187 , 4006 , 0 , 470 , 10663 ,PROWERS,2010
136,PUEBLO CITY 60,86439205,69526324,337221,9533741,165836492, 5024 , 4041 , 20 , 554 , 9639 ,PUEBLO,2010
137,PUEBLO COUNTY RURAL 70,36460764,30004548,275,30430981,96896568, 4284 , 3525 , 0 , 3576 , 11385 ,PUEBLO,2010
138,MEEKER RE1,3967881,2309039,0,4396641,10673562, 6215 , 3617 , 0 , 6887 , 16719 ,RIO BLANCO,2010
139,RANGELY RE-4,2677607,2222903,11921,2592929,7505359, 5895 , 4894 , 26 , 5709 , 16524 ,RIO BLANCO,2010
140,DEL NORTE C-7,2900869,2686653,0,521534,6109055, 4931 , 4567 , 0 , 887 , 10384 ,RIO GRANDE,2010
141,MONTE VISTA C-8,5343731,3994716,0,5714108,15052555, 4709 , 3520 , 0 , 5035 , 13263 ,RIO GRANDE,2010
142,SARGENT RE-33J,2478134,1830180,0,546216,4854530, 5193 , 3835 , 0 , 1145 , 10173 ,RIO GRANDE,2010
143,HAYDEN RE-1,3217576,1934030,0,69938,5221544, 7906 , 4752 , 0 , 172 , 12829 ,ROUTT,2010
144,STEAMBOAT SPRINGS RE-2,13026653,8434568,314,5078465,26540000, 5974 , 3868 , 0 , 2329 , 12172 ,ROUTT,2010
145,SOUTH ROUTT RE 3,2778813,2031707,0,892380,5702900, 7143 , 5223 , 0 , 2294 , 14660 ,ROUTT,2010
146,MOUNTAIN VALLEY RE 1,1193134,857468,0,0,2050602, 9984 , 7175 , 0 , 0 , 17160 ,SAGUACHE,2010
147,MOFFAT 2,1520156,1613297,0,1089208,4222662, 7537 , 7998 , 0 , 5400 , 20935 ,SAGUACHE,2010
148,CENTER 26 JT,3834029,3348584,215446,3093428,10491487, 6748 , 5893 , 379 , 5444 , 18464 ,SAGUACHE,2010
149,SILVERTON 1,702843,419046,0,4765361,5887250, 10665 , 6359 , 0 , 72312 , 89336 ,SAN JUAN,2010
150,TELLURIDE R-1,5146839,3340212,321088,2573616,11381755, 7588 , 4924 , 473 , 3794 , 16780 ,SAN MIGUEL,2010
151,NORWOOD R-2J,2072837,1355292,0,311400,3739529, 7924 , 5181 , 0 , 1190 , 14295 ,SAN MIGUEL,2010
152,JULESBURG RE-1,9176033,1039100,0,579405,10794538, 5177 , 586 , 0 , 327 , 6090 ,SEDGWICK,2010
153,PLATTE VALLEY RE-3,1035526,834773,0,71506,1941806, 8488 , 6842 , 0 , 586 , 15916 ,SEDGWICK,2010
154,SUMMIT RE-1,19440713,14470632,233201,12390655,46535201, 6648 , 4948 , 80 , 4237 , 15913 ,SUMMIT,2010
155,CRIPPLE CREEK-VICTOR RE-1,3872214,1639754,2200,1516527,7030695, 8759 , 3709 , 5 , 3430 , 15903 ,TELLER,2010
156,WOODLAND PARK RE-2,14125773,8521457,0,12202500,34849731, 5163 , 3115 , 0 , 4460 , 12738 ,TELLER,2010
157,AKRON R-1,2321235,1486578,0,3074305,6882118, 5986 , 3833 , 0 , 7928 , 17747 ,WASHINGTON,2010
158,ARICKAREE R-2,793381,768126,0,726,1562233, 7771 , 7523 , 0 , 7 , 15301 ,WASHINGTON,2010
159,OTIS R-3,1560767,1042664,0,66337,2669767, 8029 , 5363 , 0 , 341 , 13733 ,WASHINGTON,2010
160,LONE STAR 101,1030431,517597,0,0,1548028, 9666 , 4856 , 0 , 0 , 14522 ,WASHINGTON,2010
161,WOODLIN R-104,807727,1051526,0,699,1859952, 8021 , 10442 , 0 , 7 , 18470 ,WASHINGTON,2010
162,WELD RE-1,9604926,6844167,10781,393387,16853260, 5170 , 3684 , 6 , 212 , 9072 ,WELD,2010
163,EATON RE-2,7876728,4945473,1437,1030810,13854448, 4538 , 2849 , 1 , 594 , 7982 ,WELD,2010
164,KEENESBURG RE-3(J),10633662,8919376,9987,3403556,22966581, 4946 , 4149 , 5 , 1583 , 10682 ,WELD,2010
165,WINDSOR RE-4,20155440,16126626,645,25824754,62107464, 4884 , 3908 , 0 , 6258 , 15050 ,WELD,2010
166,JOHNSTOWN-MILIKEN RE-5J,15126983,8700531,0,2587520,26415033, 5115 , 2942 , 0 , 875 , 8932 ,WELD,2010
167,GREELEY 6,89066120,64572511,0,13529637,167168268, 4795 , 3476 , 0 , 728 , 9000 ,WELD,2010
168,PLATTE VALLEY RE-7,6415235,6217989,0,4279626,16912850, 5777 , 5599 , 0 , 3854 , 15230 ,WELD,2010
169,WELD COUNTY S/D RE-8,12403528,10870427,20495,1028835,24323285, 5516 , 4834 , 9 , 458 , 10817 ,WELD,2010
170,AULT-HIGHLAND RE-9,4103157,3147154,0,620565,7870876, 4858 , 3726 , 0 , 735 , 9319 ,WELD,2010
171,BRIGGSDALE RE-10,1085212,889087,0,430233,2404531, 7464 , 6115 , 0 , 2959 , 16537 ,WELD,2010
172,PRAIRIE RE-11,1219619,979228,0,0,2198847, 7365 , 5913 , 0 , 0 , 13278 ,WELD,2010
173,PAWNEE RE-12,1041659,740004,0,61474,1843137, 10673 , 7582 , 0 , 630 , 18885 ,WELD,2010
174,YUMA 1,4431710,3277849,0,1358007,9067566, 5596 , 4139 , 0 , 1715 , 11450 ,YUMA,2010
175,WRAY RD-2,3532489,2746335,0,800124,7078947, 5378 , 4181 , 0 , 1218 , 10776 ,YUMA,2010
176,IDALIA RJ-3,1154510,810850,0,25002,1990362, 8539 , 5997 , 0 , 185 , 14722 ,YUMA,2010
177,LIBERTY J-4,926415,647462,0,25386,1599262, 11068 , 7736 , 0 , 303 , 19107 ,YUMA,2010
178,CHARTER SCHOOL INSTITUTE,31582803,24642295,49762,14599500,70874360, 4156 , 3243 , 7 , 1921 , 9326 ,,2010
0,MAPLETON 1,38157232,24772389,1133114,47915629,111978365, 5211 , 3383 , 155 , 6544 , 15293 ,ADAMS,2011
1,ADAMS 12 FIVE STAR,222647754,122690063,1234485,204125589,550697892, 5417 , 2985 , 30 , 4966 , 13397 ,ADAMS,2011
2,ADAMS COUNTY 14,35356243,37275630,795722,7400225,80827821, 5233 , 5517 , 118 , 1095 , 11963 ,ADAMS,2011
3,BRIGHTON 27J,62834937,49692282,261089,61259467,174047775, 4239 , 3353 , 18 , 4133 , 11743 ,ADAMS,2011
4,BENNETT 29J,4471446,3839480,0,8277945,16588870, 4268 , 3665 , 0 , 7902 , 15835 ,ADAMS,2011
5,STRASBURG 31J,4441915,3371557,0,6942257,14755729, 4663 , 3540 , 0 , 7288 , 15492 ,ADAMS,2011
6,WESTMINSTER 50,50976836,42731800,485730,10856522,105050888, 5342 , 4478 , 51 , 1138 , 11008 ,ADAMS,2011
7,ALAMOSA RE-11J,9854985,6906565,0,2891497,19653047, 4698 , 3293 , 0 , 1378 , 9369 ,ALAMOSA,2011
8,SANGRE DE CRISTO RE-22J,1729715,1699152,0,1014642,4443509, 5816 , 5713 , 0 , 3412 , 14941 ,ALAMOSA,2011
9,ENGLEWOOD 1,17653095,12953157,177585,6414260,37198098, 6022 , 4419 , 61 , 2188 , 12690 ,ARAPAHOE,2011
10,SHERIDAN 2,10549826,10061700,52498,4567087,25231110, 7083 , 6755 , 35 , 3066 , 16939 ,ARAPAHOE,2011
11,CHERRY CREEK 5,323780400,150242974,1116022,136020063,611159459, 6503 , 3018 , 22 , 2732 , 12275 ,ARAPAHOE,2011
12,LITTLETON 6,84782588,52823735,4783,17185358,154796463, 5679 , 3539 , 0 , 1151 , 10370 ,ARAPAHOE,2011
13,DEER TRAIL 26J,1370559,1039739,23320,30733,2464351, 8724 , 6618 , 148 , 196 , 15687 ,ARAPAHOE,2011
14,ADAMS-ARAPAHOE 28J,194041294,142067306,1350276,262051593,599510470, 5309 , 3887 , 37 , 7169 , 16402 ,ARAPAHOE,2011
15,BYERS 32J,2403715,1961002,48645,1085737,5499099, 5299 , 4323 , 107 , 2394 , 12123 ,ARAPAHOE,2011
16,ARCHULETA COUNTY 50 JT,7239297,6966180,0,940545,15146022, 4884 , 4700 , 0 , 635 , 10218 ,ARCHULETA,2011
17,WALSH RE-1,1183935,953754,0,18146,2155835, 8054 , 6488 , 0 , 123 , 14666 ,BACA,2011
18,PRITCHETT RE-3,694331,609447,0,0,1303777, 10332 , 9069 , 0 , 0 , 19401 ,BACA,2011
19,SPRINGFIELD RE-4,1652702,1138387,0,26331,2817420, 6121 , 4216 , 0 , 98 , 10435 ,BACA,2011
20,VILAS RE-5,1235157,901414,0,291,2136862, 4237 , 3092 , 0 , 1 , 7331 ,BACA,2011
21,CAMPO RE-6,537284,527999,18804,0,1084087, 11033 , 10842 , 386 , 0 , 22261 ,BACA,2011
22,LAS ANIMAS RE-1,2708401,2127892,0,483894,5320186, 5124 , 4026 , 0 , 915 , 10065 ,BENT,2011
23,MCCLAVE RE-2,1473523,1255272,1364,143959,2874118, 5431 , 4627 , 5 , 531 , 10594 ,BENT,2011
24,ST VRAIN VALLEY RE 1J,131469112,96330428,769071,109303868,337872480, 5033 , 3688 , 29 , 4185 , 12935 ,BOULDER,2011
25,BOULDER VALLEY RE 2,180641258,114267073,4798932,79475218,379182480, 6379 , 4035 , 169 , 2807 , 13390 ,BOULDER,2011
26,BUENA VISTA R-31,5374699,3789206,0,638703,9802607, 5724 , 4035 , 0 , 680 , 10439 ,CHAFFEE,2011
27,SALIDA R-32,6579209,4652874,0,24540583,35772665, 6156 , 4353 , 0 , 22961 , 33470 ,CHAFFEE,2011
28,KIT CARSON R-1,1117972,876569,0,91831,2086372, 9764 , 7656 , 0 , 802 , 18222 ,CHEYENNE,2011
29,CHEYENNE COUNTY RE-5,1558290,1332532,248,5018491,7909561, 8874 , 7588 , 1 , 28579 , 45043 ,CHEYENNE,2011
30,CLEAR CREEK RE-1,5268673,4743727,0,15450578,25462978, 5808 , 5230 , 0 , 17033 , 28071 ,CLEAR CREEK,2011
31,NORTH CONEJOS RE-1J,5645357,3426969,0,243677,9316003, 5377 , 3264 , 0 , 232 , 8872 ,CONEJOS,2011
32,SANFORD 6J,1873125,1189438,0,577829,3640392, 5704 , 3622 , 0 , 1760 , 11085 ,CONEJOS,2011
33,SOUTH CONEJOS RE-10,1500314,1473348,285,66216,3040164, 5914 , 5807 , 1 , 261 , 11983 ,CONEJOS,2011
34,CENTENNIAL R-1,1146650,1347480,0,1143089,3637219, 4861 , 5712 , 0 , 4846 , 15418 ,COSTILLA,2011
35,SIERRA GRANDE R-30,1655065,2171706,0,336992,4163762, 6119 , 8028 , 0 , 1246 , 15393 ,COSTILLA,2011
36,CROWLEY COUNTY RE-1-J,2356953,1940489,0,161671,4459114, 4854 , 3996 , 0 , 333 , 9183 ,CROWLEY,2011
37,CONSOLIDATED C-1,2272482,1765506,0,2485898,6523887, 5061 , 3932 , 0 , 5537 , 14530 ,CUSTER,2011
38,DELTA COUNTY 50(J),27095567,13635667,3730,28703417,69438381, 5351 , 2693 , 1 , 5669 , 13714 ,DELTA,2011
39,DENVER COUNTY 1,445458597,384559117,24083605,376042967,1230144286, 5939 , 5127 , 321 , 5014 , 16401 ,DENVER,2011
40,DOLORES COUNTY RE NO.2,1778909,1443053,0,388379,3610340, 6663 , 5405 , 0 , 1455 , 13522 ,DOLORES,2011
41,DOUGLAS COUNTY RE 1,290525230,185604803,832632,183111462,660074127, 4874 , 3114 , 14 , 3072 , 11074 ,DOUGLAS,2011
42,EAGLE COUNTY RE 50,36781755,26959227,1341035,24393469,89475487, 6137 , 4498 , 224 , 4070 , 14928 ,EAGLE,2011
43,ELIZABETH C-1,11552301,10927528,229963,6342578,29052370, 4484 , 4242 , 89 , 2462 , 11277 ,ELBERT,2011
44,KIOWA C-2,2048736,1349278,0,335286,3733300, 5728 , 3772 , 0 , 937 , 10437 ,ELBERT,2011
45,BIG SANDY 100J,2084007,1210121,2173,2990538,6286839, 6810 , 3955 , 7 , 9773 , 20545 ,ELBERT,2011
46,ELBERT 200,1524465,1074631,0,41766,2640861, 6855 , 4832 , 0 , 188 , 11874 ,ELBERT,2011
47,AGATE 300,314589,411232,0,8548,734369, 6869 , 8979 , 0 , 187 , 16034 ,ELBERT,2011
48,CALHAN RJ-1,2676570,1947394,0,173776,4797740, 5159 , 3754 , 0 , 335 , 9248 ,EL PASO,2011
49,HARRISON 2,50347660,40640718,95971,11878043,102962393, 4862 , 3925 , 9 , 1147 , 9943 ,EL PASO,2011
50,WIDEFIELD 3,39394071,27862135,1308042,4477352,73041601, 4592 , 3248 , 152 , 522 , 8515 ,EL PASO,2011
51,FOUNTAIN 8,37719632,26830998,148183,12142176,76840989, 5233 , 3722 , 21 , 1684 , 10660 ,EL PASO,2011
52,COLORADO SPRINGS 11,156732194,102662745,1003119,34424388,294822446, 5565 , 3645 , 36 , 1222 , 10468 ,EL PASO,2011
53,CHEYENNE MOUNTAIN 12,21842315,13852462,42498,20393418,56130692, 4958 , 3144 , 10 , 4629 , 12742 ,EL PASO,2011
54,MANITOU SPRINGS 14,8039117,5757298,2849,717546,14516809, 5604 , 4013 , 2 , 500 , 10120 ,EL PASO,2011
55,ACADEMY 20,116364214,76150859,330635,66681893,259527602, 5186 , 3394 , 15 , 2972 , 11566 ,EL PASO,2011
56,ELLICOTT 22,4256775,3570723,0,3025088,10852586, 4518 , 3790 , 0 , 3211 , 11518 ,EL PASO,2011
57,PEYTON 23 JT,2845645,2350101,0,3671771,8867518, 4388 , 3624 , 0 , 5662 , 13674 ,EL PASO,2011
58,HANOVER 28,1436044,1314951,0,802486,3553481, 6019 , 5511 , 0 , 3363 , 14893 ,EL PASO,2011
59,LEWIS-PALMER 38,26035998,20808353,354374,49752252,96950978, 4594 , 3671 , 63 , 8778 , 17106 ,EL PASO,2011
60,FALCON 49,56585096,46100349,11710,17599959,120297114, 3962 , 3227 , 1 , 1232 , 8422 ,EL PASO,2011
61,EDISON 54 JT,1143831,970218,0,50366,2164415, 6223 , 5279 , 0 , 274 , 11776 ,EL PASO,2011
62,MIAMI/YODER 60 JT,1646851,1384654,0,261072,3292577, 5391 , 4532 , 0 , 855 , 10778 ,EL PASO,2011
63,CANON CITY RE-1,17833015,12329770,175758,10460152,40798696, 4723 , 3265 , 47 , 2770 , 10805 ,FREMONT,2011
64,FLORENCE RE-2,7250914,5837218,140006,7400446,20628585, 4446 , 3579 , 86 , 4538 , 12649 ,FREMONT,2011
65,COTOPAXI RE-3,1311048,1107051,0,224660,2642760, 6312 , 5330 , 0 , 1082 , 12724 ,FREMONT,2011
66,ROARING FORK RE-1,31287549,16206256,0,88344174,135837979, 6095 , 3157 , 0 , 17211 , 26464 ,GARFIELD,2011
67,GARFIELD RE-2,21218663,19223011,16115,29319320,69777109, 4684 , 4243 , 4 , 6472 , 15402 ,GARFIELD,2011
68,GARFIELD 16,5454157,5302420,0,5151493,15908070, 4730 , 4598 , 0 , 4467 , 13795 ,GARFIELD,2011
69,GILPIN COUNTY RE-1,2375462,2292190,0,1841714,6509366, 7177 , 6925 , 0 , 5564 , 19666 ,GILPIN,2011
70,WEST GRAND 1-JT.,2750490,2283555,11742,884543,5930330, 6157 , 5112 , 26 , 1980 , 13276 ,GRAND,2011
71,EAST GRAND 2,7257329,5706296,4136,10626927,23594688, 5576 , 4384 , 3 , 8165 , 18127 ,GRAND,2011
72,GUNNISON WATERSHED RE1J,9551912,6088434,626,5185131,20826103, 5541 , 3532 , 0 , 3008 , 12080 ,GUNNISON,2011
73,HINSDALE COUNTY RE 1,806946,615043,6425,101294,1529708, 9793 , 7464 , 78 , 1229 , 18564 ,HINSDALE,2011
74,HUERFANO RE-1,2784726,2541904,0,5437592,10764222, 4857 , 4434 , 0 , 9485 , 18776 ,HUERFANO,2011
75,LA VETA RE-2,1405165,1240026,0,318191,2963382, 6002 , 5297 , 0 , 1359 , 12659 ,HUERFANO,2011
76,NORTH PARK R-1,1533359,1156026,0,388,2689773, 8152 , 6146 , 0 , 2 , 14300 ,JACKSON,2011
77,JEFFERSON COUNTY R-1,431165045,289496883,176792,128140153,848978872, 5322 , 3573 , 2 , 1582 , 10478 ,JEFFERSON,2011
78,EADS RE-1,1246047,887395,0,22922,2156364, 7088 , 5048 , 0 , 130 , 12266 ,KIOWA,2011
79,PLAINVIEW RE-2,624962,584719,0,0,1209681, 7901 , 7392 , 0 , 0 , 15293 ,KIOWA,2011
80,ARRIBA-FLAGLER C-20,1185567,867428,4923,125178,2183096, 7909 , 5787 , 33 , 835 , 14564 ,KIT CARSON,2011
81,HI PLAINS R-23,922268,788240,0,32985,1743493, 7883 , 6737 , 0 , 282 , 14902 ,KIT CARSON,2011
82,STRATTON R-4,1342544,1022635,0,28087,2393265, 7336 , 5588 , 0 , 153 , 13078 ,KIT CARSON,2011
83,BETHUNE R-5,1167087,844353,0,100,2011541, 9621 , 6961 , 0 , 1 , 16583 ,KIT CARSON,2011
84,BURLINGTON RE-6J,3683266,2456917,27204,550869,6718256, 5006 , 3339 , 37 , 749 , 9131 ,KIT CARSON,2011
85,LAKE COUNTY R-1,5941246,4792777,818255,865817,12418094, 5458 , 4403 , 752 , 795 , 11408 ,LAKE,2011
86,DURANGO 9-R,24173539,16460438,181173,28142976,68958126, 5440 , 3704 , 41 , 6333 , 15518 ,LA PLATA,2011
87,BAYFIELD 10 JT-R,6115310,4962845,0,2707143,13785298, 4622 , 3751 , 0 , 2046 , 10418 ,LA PLATA,2011
88,IGNACIO 11 JT,5057006,4494904,496,1913360,11465765, 6566 , 5836 , 1 , 2484 , 14887 ,LA PLATA,2011
89,POUDRE R-1,136165012,110123060,474289,57170841,303933202, 5235 , 4233 , 18 , 2198 , 11684 ,LARIMER,2011
90,THOMPSON R-2J,72582278,57124467,1271536,112663428,243641709, 4947 , 3893 , 87 , 7678 , 16605 ,LARIMER,2011
91,PARK (ESTES PARK) R-3,6470362,5226162,0,10935304,22631828, 5745 , 4641 , 0 , 9710 , 20096 ,LARIMER,2011
92,TRINIDAD 1,6885216,5774670,1788,533950,13195623, 4795 , 4022 , 1 , 372 , 9190 ,LAS ANIMAS,2011
93,PRIMERO REORGANIZED 2,1453629,1524788,0,1372821,4351238, 7330 , 7689 , 0 , 6923 , 21943 ,LAS ANIMAS,2011
94,HOEHNE REORGANIZED 3,1332956,1407758,0,288931,3029645, 3948 , 4170 , 0 , 856 , 8974 ,LAS ANIMAS,2011
95,AGUILAR REORGANIZED 6,1022003,971991,0,85148,2079142, 9232 , 8780 , 0 , 769 , 18782 ,LAS ANIMAS,2011
96,BRANSON REORGANIZED 82,1894160,1121924,9102,0,3025186, 4368 , 2587 , 21 , 0 , 6977 ,LAS ANIMAS,2011
97,KIM REORGANIZED 88,523570,625783,0,0,1149352, 9434 , 11275 , 0 , 0 , 20709 ,LAS ANIMAS,2011
98,GENOA-HUGO C-113,1274156,925712,0,128678,2328546, 7625 , 5540 , 0 , 770 , 13935 ,LINCOLN,2011
99,LIMON RE-4J,2356132,1531066,321,256916,4144434, 5218 , 3391 , 1 , 569 , 9179 ,LINCOLN,2011
100,KARVAL RE-23,1014434,924198,0,0,1938632, 5075 , 4623 , 0 , 0 , 9698 ,LINCOLN,2011
101,VALLEY RE-1,11715436,7949587,57923,12074093,31797039, 5092 , 3455 , 25 , 5248 , 13821 ,LOGAN,2011
102,FRENCHMAN RE-3,1438512,842803,0,40889,2322204, 7992 , 4682 , 0 , 227 , 12901 ,LOGAN,2011
103,BUFFALO RE-4,1824249,1289719,0,158317,3272285, 5923 , 4187 , 0 , 514 , 10624 ,LOGAN,2011
104,PLATEAU RE-5,1434456,1065607,0,1256041,3756105, 8340 , 6195 , 0 , 7303 , 21838 ,LOGAN,2011
105,DE BEQUE 49JT,973758,767416,0,268083,2009257, 7796 , 6144 , 0 , 2146 , 16087 ,MESA,2011
106,PLATEAU VALLEY 50,2175177,1578288,0,3098662,6852126, 4700 , 3410 , 0 , 6695 , 14806 ,MESA,2011
107,MESA COUNTY VALLEY 51,104127883,63213991,349433,104737817,272429124, 4967 , 3015 , 17 , 4996 , 12995 ,MESA,2011
108,CREEDE CONSOLIDATED 1,890961,661968,0,101920,1654849, 9119 , 6776 , 0 , 1043 , 16938 ,MINERAL,2011
109,MOFFAT COUNTY RE:NO 1,12551427,9996576,0,2730212,25278215, 5642 , 4493 , 0 , 1227 , 11362 ,MOFFAT,2011
110,MONTEZUMA-CORTEZ RE-1,13210044,11424213,500,550905,25185661, 4678 , 4045 , 0 , 195 , 8918 ,MONTEZUMA,2011
111,DOLORES RE-4A,3463090,2255107,0,325857,6044054, 5207 , 3391 , 0 , 490 , 9087 ,MONTEZUMA,2011
112,MANCOS RE-6,1986889,1714469,0,212983,3914340, 5409 , 4668 , 0 , 580 , 10657 ,MONTEZUMA,2011
113,MONTROSE COUNTY RE-1J,26814951,17652957,568347,12744952,57781207, 4448 , 2928 , 94 , 2114 , 9584 ,MONTROSE,2011
114,WEST END RE-2,1652887,1892376,0,130095,3675358, 5306 , 6075 , 0 , 418 , 11799 ,MONTROSE,2011
115,BRUSH RE-2(J),7227887,4728194,0,7105098,19061178, 5060 , 3310 , 0 , 4975 , 13345 ,MORGAN,2011
116,FORT MORGAN RE-3,13787371,12221315,319995,9685653,36014333, 4611 , 4087 , 107 , 3239 , 12043 ,MORGAN,2011
117,WELDON VALLEY RE-20(J),1429339,872574,23879,92926,2418718, 7143 , 4361 , 119 , 464 , 12088 ,MORGAN,2011
118,WIGGINS RE-50(J),2659825,1916797,0,425065,5001688, 5349 , 3854 , 0 , 855 , 10058 ,MORGAN,2011
119,EAST OTERO R-1,7172621,5065814,176609,1320546,13735590, 5391 , 3807 , 133 , 993 , 10324 ,OTERO,2011
120,ROCKY FORD R-2,4441660,3408219,28406,6000,7884286, 5378 , 4127 , 34 , 7 , 9546 ,OTERO,2011
121,MANZANOLA 3J,1088937,1284968,3064,37068,2414036, 6226 , 7347 , 18 , 212 , 13802 ,OTERO,2011
122,FOWLER R-4J,2436223,1405598,0,1551660,5393481, 5926 , 3419 , 0 , 3774 , 13120 ,OTERO,2011
123,CHERAW 31,1413383,1026490,63602,105184,2608659, 7102 , 5158 , 320 , 529 , 13109 ,OTERO,2011
124,SWINK 33,2104824,1482952,0,657561,4245336, 5837 , 4112 , 0 , 1824 , 11773 ,OTERO,2011
125,OURAY R-1,1748957,1083213,0,218071,3050241, 8161 , 5055 , 0 , 1018 , 14234 ,OURAY,2011
126,RIDGWAY R-2,2235403,1754259,4000,6523079,10516742, 6701 , 5259 , 12 , 19554 , 31525 ,OURAY,2011
127,PLATTE CANYON 1,5358099,4559976,153334,931594,11003003, 4803 , 4088 , 137 , 835 , 9864 ,PARK,2011
128,PARK COUNTY RE-2,4183166,2808904,5306,25055432,32052809, 8040 , 5399 , 10 , 48156 , 61604 ,PARK,2011
129,HOLYOKE RE-1J,3489309,1859909,0,1988099,7337318, 5892 , 3141 , 0 , 3357 , 12390 ,PHILLIPS,2011
130,HAXTUN RE-2J,2033549,1081620,0,3200,3118370, 7007 , 3727 , 0 , 11 , 10746 ,PHILLIPS,2011
131,ASPEN 1,17564164,7016840,0,31442188,56023193, 10672 , 4263 , 0 , 19105 , 34040 ,PITKIN,2011
132,GRANADA RE-1,1682334,1311191,0,0,2993525, 7405 , 5771 , 0 , 0 , 13176 ,PROWERS,2011
133,LAMAR RE-2,7629648,4136047,132665,3510698,15409058, 4838 , 2623 , 84 , 2226 , 9772 ,PROWERS,2011
134,HOLLY RE-3,1633434,1095248,18551,6045034,8792267, 5990 , 4016 , 68 , 22167 , 32242 ,PROWERS,2011
135,WILEY RE-13 JT,1406653,911564,0,82893,2401110, 6199 , 4017 , 0 , 365 , 10582 ,PROWERS,2011
136,PUEBLO CITY 60,82440918,67282294,289546,9587931,159600689, 4857 , 3964 , 17 , 565 , 9403 ,PUEBLO,2011
137,PUEBLO COUNTY RURAL 70,37190168,36419368,10196,21240879,94860611, 4335 , 4245 , 1 , 2476 , 11056 ,PUEBLO,2011
138,MEEKER RE1,3871834,2271884,0,2360736,8504454, 5977 , 3507 , 0 , 3644 , 13128 ,RIO BLANCO,2011
139,RANGELY RE-4,2819582,2379767,10843,2574334,7784526, 6209 , 5241 , 24 , 5669 , 17143 ,RIO BLANCO,2011
140,DEL NORTE C-7,2588572,2215081,0,529874,5333528, 4549 , 3893 , 0 , 931 , 9374 ,RIO GRANDE,2011
141,MONTE VISTA C-8,5180736,4023449,0,22807957,32012142, 4499 , 3494 , 0 , 19805 , 27798 ,RIO GRANDE,2011
142,SARGENT RE-33J,2359631,1973443,0,373713,4706788, 5028 , 4205 , 0 , 796 , 10029 ,RIO GRANDE,2011
143,HAYDEN RE-1,3231868,2228233,0,70392,5530493, 8228 , 5673 , 0 , 179 , 14080 ,ROUTT,2011
144,STEAMBOAT SPRINGS RE-2,13241065,8594781,0,7231582,29067429, 5925 , 3846 , 0 , 3236 , 13007 ,ROUTT,2011
145,SOUTH ROUTT RE 3,2971748,2095397,0,915742,5982888, 7849 , 5535 , 0 , 2419 , 15803 ,ROUTT,2011
146,MOUNTAIN VALLEY RE 1,1055956,858845,6228,0,1921029, 9064 , 7372 , 53 , 0 , 16490 ,SAGUACHE,2011
147,MOFFAT 2,1632741,1305003,0,4475206,7412950, 8180 , 6538 , 0 , 22421 , 37139 ,SAGUACHE,2011
148,CENTER 26 JT,3882536,3307372,125738,20526553,27842199, 6693 , 5701 , 217 , 35385 , 47996 ,SAGUACHE,2011
149,SILVERTON 1,730805,409292,0,6181429,7321526, 10859 , 6082 , 0 , 91849 , 108789 ,SAN JUAN,2011
150,TELLURIDE R-1,5129801,3190128,247932,2253292,10821153, 7109 , 4421 , 344 , 3123 , 14996 ,SAN MIGUEL,2011
151,NORWOOD R-2J,2002888,1419245,0,295312,3717445, 7689 , 5448 , 0 , 1134 , 14270 ,SAN MIGUEL,2011
152,JULESBURG RE-1,4075313,1630503,0,111428,5817244, 4700 , 1881 , 0 , 129 , 6710 ,SEDGWICK,2011
153,PLATTE VALLEY RE-3,1202273,794366,0,0,1996639, 9665 , 6386 , 0 , 0 , 16050 ,SEDGWICK,2011
154,SUMMIT RE-1,19002258,14664891,0,45548651,79215800, 6458 , 4984 , 0 , 15481 , 26923 ,SUMMIT,2011
155,CRIPPLE CREEK-VICTOR RE-1,3788195,1724578,0,1292359,6805131, 9217 , 4196 , 0 , 3144 , 16557 ,TELLER,2011
156,WOODLAND PARK RE-2,13553777,8298072,0,2039067,23890916, 5081 , 3111 , 0 , 764 , 8957 ,TELLER,2011
157,AKRON R-1,2187495,1476667,0,17504052,21168214, 5915 , 3993 , 0 , 47334 , 57242 ,WASHINGTON,2011
158,ARICKAREE R-2,861951,871826,0,0,1733777, 8534 , 8632 , 0 , 0 , 17166 ,WASHINGTON,2011
159,OTIS R-3,1359455,945882,0,60970,2366307, 7281 , 5066 , 0 , 327 , 12674 ,WASHINGTON,2011
160,LONE STAR 101,1093754,579025,0,0,1672779, 10222 , 5411 , 0 , 0 , 15633 ,WASHINGTON,2011
161,WOODLIN R-104,807893,887833,0,0,1695726, 8522 , 9365 , 0 , 0 , 17887 ,WASHINGTON,2011
162,WELD RE-1,9019282,6744292,10479,263346,16037399, 4979 , 3723 , 6 , 145 , 8854 ,WELD,2011
163,EATON RE-2,8270163,5158925,3765,1863129,15295982, 4726 , 2948 , 2 , 1065 , 8741 ,WELD,2011
164,KEENESBURG RE-3(J),10633504,8906912,5660,5160832,24706908, 4961 , 4156 , 3 , 2408 , 11528 ,WELD,2011
165,WINDSOR RE-4,20493490,14730715,254,8478417,43702876, 4748 , 3413 , 0 , 1964 , 10126 ,WELD,2011
166,JOHNSTOWN-MILIKEN RE-5J,15004367,8221519,0,10608726,33834613, 4878 , 2673 , 0 , 3449 , 11000 ,WELD,2011
167,GREELEY 6,92539792,62230656,0,15832408,170602855, 4901 , 3296 , 0 , 838 , 9035 ,WELD,2011
168,PLATTE VALLEY RE-7,6098358,5257553,0,2343028,13698939, 5523 , 4761 , 0 , 2122 , 12406 ,WELD,2011
169,WELD COUNTY S/D RE-8,11481392,10651369,21088,1013660,23167509, 5035 , 4671 , 9 , 445 , 10159 ,WELD,2011
170,AULT-HIGHLAND RE-9,4137867,3099750,0,763505,8001121, 4976 , 3728 , 0 , 918 , 9623 ,WELD,2011
171,BRIGGSDALE RE-10,1233274,981046,0,4309302,6523622, 8373 , 6660 , 0 , 29255 , 44288 ,WELD,2011
172,PRAIRIE RE-11,1274206,897036,0,901575,3072817, 7774 , 5473 , 0 , 5501 , 18748 ,WELD,2011
173,PAWNEE RE-12,1175964,845990,0,66448,2088402, 12327 , 8868 , 0 , 697 , 21891 ,WELD,2011
174,YUMA 1,4593836,3283200,659,3774114,11651810, 5868 , 4194 , 1 , 4821 , 14883 ,YUMA,2011
175,WRAY RD-2,3735725,2942154,0,994744,7672623, 5572 , 4389 , 0 , 1484 , 11445 ,YUMA,2011
176,IDALIA RJ-3,1115415,829568,0,1113957,3058941, 8124 , 6042 , 0 , 8113 , 22279 ,YUMA,2011
177,LIBERTY J-4,1033616,704354,0,0,1737970, 12605 , 8590 , 0 , 0 , 21195 ,YUMA,2011
178,CHARTER SCHOOL INSTITUTE,35842798,29870470,34733,11932555,77680555, 3539 , 2950 , 3 , 1178 , 7671 ,,2011
179,GLOBAL VILLAGE CHARTER COLLABORATIVE,48798,579751,0,78063,5028441,,,,,,,2011
0,MAPLETON 1,38592373,25709054,779878,4153285,69234590,5081,3385,103,547,9115,ADAMS,2012
1,ADAMS 12 FIVE STAR,221051769,120585070,1335918,51372445,394345203,5347,2917,32,1243,9538,ADAMS,2012
2,ADAMS COUNTY 14,38196626,36456267,413091,77970868,153036852,5516,5265,60,11260,22100,ADAMS,2012
3,BRIGHTON 27J,67423272,52627926,247509,24647115,144945822,4392,3428,16,1605,9441,ADAMS,2012
4,BENNETT 29J,4894710,3252791,0,988729,9136230,4766,3167,0,963,8895,ADAMS,2012
5,STRASBURG 31J,4710647,3332579,0,915163,8958388,4969,3515,0,965,9449,ADAMS,2012
6,WESTMINSTER 50,51056308,43443024,314038,90681536,185494906,5359,4560,33,9519,19472,ADAMS,2012
7,ALAMOSA RE-11J,10151109,6700480,0,3627322,20478912,4869,3214,0,1740,9822,ALAMOSA,2012
8,SANGRE DE CRISTO RE-22J,1960773,1480137,0,302480,3743390,6633,5007,0,1023,12664,ALAMOSA,2012
9,ENGLEWOOD 1,17587156,13168246,79692,5980424,36815518,6193,4637,28,2106,12964,ARAPAHOE,2012
10,SHERIDAN 2,10801218,9667756,143183,11341635,31953792,7344,6574,97,7712,21727,ARAPAHOE,2012
11,CHERRY CREEK 5,330909669,152863438,767392,50986603,535527101,6561,3031,15,1011,10618,ARAPAHOE,2012
12,LITTLETON 6,86794549,52998671,3930,13772282,153569434,5832,3561,0,925,10319,ARAPAHOE,2012
13,DEER TRAIL 26J,1357709,937452,22796,54116,2372072,8371,5780,141,334,14624,ARAPAHOE,2012
14,ADAMS-ARAPAHOE 28J,200674335,147642301,1326773,37766625,387410034,5409,3980,36,1018,10443,ARAPAHOE,2012
15,BYERS 32J,2853993,1852690,46011,417671,5170366,5504,3573,89,806,9972,ARAPAHOE,2012
16,ARCHULETA COUNTY 50 JT,7121917,7397365,0,1064617,15583900,4913,5103,0,734,10750,ARCHULETA,2012
17,WALSH RE-1,1133545,954801,0,9169,2097515,7866,6626,0,64,14556,BACA,2012
18,PRITCHETT RE-3,606775,583207,0,0,1189982,10046,9656,0,0,19702,BACA,2012
19,SPRINGFIELD RE-4,1721448,1137949,0,47305,2906702,6416,4241,0,176,10834,BACA,2012
20,VILAS RE-5,1016922,769963,0,26814,1813698,4678,3542,0,123,8343,BACA,2012
21,CAMPO RE-6,541233,439691,1350,0,982274,11516,9355,29,0,20899,BACA,2012
22,LAS ANIMAS RE-1,2692534,1998661,0,217967,4909162,5175,3841,0,419,9435,BENT,2012
23,MCCLAVE RE-2,1525175,1116099,764,141100,2783138,5771,4223,3,534,10530,BENT,2012
24,ST VRAIN VALLEY RE 1J,132480552,103551201,937482,40781310,277750545,4869,3806,34,1499,10208,BOULDER,2012
25,BOULDER VALLEY RE 2,183564738,136261197,4805604,30376709,355008248,6432,4775,168,1064,12440,BOULDER,2012
26,BUENA VISTA R-31,5682589,4002157,0,3095071,12779817,6158,4337,0,3354,13849,CHAFFEE,2012
27,SALIDA R-32,7329927,4340042,0,2302801,13972770,6749,3996,0,2120,12865,CHAFFEE,2012
28,KIT CARSON R-1,1205614,998356,0,31793,2235762,10901,9027,0,287,20215,CHEYENNE,2012
29,CHEYENNE COUNTY RE-5,1660347,1251263,0,727675,3639286,9559,7204,0,4189,20952,CHEYENNE,2012
30,CLEAR CREEK RE-1,5476168,4751090,0,2076496,12303754,6139,5326,0,2328,13793,CLEAR CREEK,2012
31,NORTH CONEJOS RE-1J,5721444,3634156,0,0,9355600,5507,3498,0,0,9004,CONEJOS,2012
32,SANFORD 6J,1859731,1170811,0,89083,3119624,5617,3536,0,269,9422,CONEJOS,2012
33,SOUTH CONEJOS RE-10,1630178,1349669,0,40975,3020821,6784,5617,0,171,12571,CONEJOS,2012
34,CENTENNIAL R-1,1092926,1120145,60807,6884370,9158247,5138,5266,286,32367,43057,COSTILLA,2012
35,SIERRA GRANDE R-30,1700971,1761854,0,1112878,4575704,6371,6599,0,4168,17137,COSTILLA,2012
36,CROWLEY COUNTY RE-1-J,2374027,2248889,0,562816,5185732,4994,4731,0,1184,10908,CROWLEY,2012
37,CONSOLIDATED C-1,2245767,1639112,0,442525,4327404,5263,3841,0,1037,10142,CUSTER,2012
38,DELTA COUNTY 50(J),27715991,13374636,0,4153773,45244399,5505,2656,0,825,8986,DELTA,2012
39,DENVER COUNTY 1,474517651,382873858,26598350,758392218,1642382077,6143,4956,344,9817,21260,DENVER,2012
40,DOLORES COUNTY RE NO.2,1764589,1375288,0,356564,3496441,6629,5166,0,1339,13135,DOLORES,2012
41,DOUGLAS COUNTY RE 1,332239033,218736354,356831,123325079,674657297,5429,3574,6,2015,11024,DOUGLAS,2012
42,EAGLE COUNTY RE 50,36048955,31334039,201271,136524894,204109159,5952,5174,33,22542,33700,EAGLE,2012
43,ELIZABETH C-1,11072379,10051895,230447,2239742,23594463,4390,3986,91,888,9355,ELBERT,2012
44,KIOWA C-2,2143528,1377857,0,365637,3887022,6050,3889,0,1032,10971,ELBERT,2012
45,BIG SANDY 100J,2152759,1199882,2387,215813,3570840,7212,4020,8,723,11963,ELBERT,2012
46,ELBERT 200,1489467,971845,0,65082,2526394,6950,4535,0,304,11789,ELBERT,2012
47,AGATE 300,313302,401500,0,4521,719324,7755,9938,0,112,17805,ELBERT,2012
48,CALHAN RJ-1,2436433,1804419,0,141013,4381864,4780,3540,0,277,8597,EL PASO,2012
49,HARRISON 2,50841612,49179271,116458,8811435,108948776,4890,4730,11,848,10479,EL PASO,2012
50,WIDEFIELD 3,40031148,29427340,1240763,6504028,77203279,4620,3396,143,751,8910,EL PASO,2012
51,FOUNTAIN 8,40037752,27591929,150507,1989820,69770008,5468,3768,21,272,9528,EL PASO,2012
52,COLORADO SPRINGS 11,151377046,130288126,947038,116584430,399196639,5403,4650,34,4161,14248,EL PASO,2012
53,CHEYENNE MOUNTAIN 12,23437482,14072607,87198,4495438,42092724,5350,3213,20,1026,9609,EL PASO,2012
54,MANITOU SPRINGS 14,7767247,5429369,9075,777200,13982891,5433,3798,6,544,9780,EL PASO,2012
55,ACADEMY 20,118822344,78960290,84986,22544373,220411993,5230,3475,4,992,9701,EL PASO,2012
56,ELLICOTT 22,4104170,3306037,0,773748,8183956,4312,3474,0,813,8599,EL PASO,2012
57,PEYTON 23 JT,2755330,2104846,0,466297,5326473,4285,3273,0,725,8284,EL PASO,2012
58,HANOVER 28,1559803,1490865,0,743300,3793969,6957,6650,0,3315,16922,EL PASO,2012
59,LEWIS-PALMER 38,26777701,18788180,362927,30351042,76279849,4644,3258,63,5264,13229,EL PASO,2012
60,FALCON 49,58696517,52124430,12349,14938223,125771519,4028,3577,1,1025,8631,EL PASO,2012
61,EDISON 54 JT,1160643,828195,0,29930,2018768,6543,4669,0,169,11380,EL PASO,2012
62,MIAMI/YODER 60 JT,1804560,1419999,0,250341,3474900,6180,4863,0,857,11900,EL PASO,2012
63,CANON CITY RE-1,17615925,11986330,167719,2385405,32155379,4716,3209,45,639,8609,FREMONT,2012
64,FLORENCE RE-2,7190128,5309604,112421,1513888,14126041,4505,3327,70,949,8851,FREMONT,2012
65,COTOPAXI RE-3,1289969,1050322,0,216193,2556484,6214,5059,0,1041,12314,FREMONT,2012
66,ROARING FORK RE-1,33655873,16802711,0,9024390,59482974,6446,3218,0,1728,11392,GARFIELD,2012
67,GARFIELD RE-2,21072230,17284815,15277,30481994,68854316,4656,3820,3,6736,15215,GARFIELD,2012
68,GARFIELD 16,5788992,5186205,0,21289825,32265021,5180,4641,0,19051,28873,GARFIELD,2012
69,GILPIN COUNTY RE-1,2427472,2365347,0,1830079,6622897,7212,7027,0,5437,19676,GILPIN,2012
70,WEST GRAND 1-JT.,2666643,2151749,6713,8998983,13824088,6091,4915,15,20555,31576,GRAND,2012
71,EAST GRAND 2,7528881,5071889,1605,3166969,15769344,5945,4005,1,2501,12451,GRAND,2012
72,GUNNISON WATERSHED RE1J,9863816,5884779,385,4556825,20305805,5707,3405,0,2636,11748,GUNNISON,2012
73,HINSDALE COUNTY RE 1,783841,583495,4304,95964,1467604,9798,7294,54,1200,18345,HINSDALE,2012
74,HUERFANO RE-1,2785980,2214518,0,415699,5416197,5090,4046,0,760,9896,HUERFANO,2012
75,LA VETA RE-2,1524342,1228264,0,108386,2860992,6826,5501,0,485,12812,HUERFANO,2012
76,NORTH PARK R-1,1534366,1089005,0,3672,2627043,8166,5796,0,20,13981,JACKSON,2012
77,JEFFERSON COUNTY R-1,431813744,313405360,254638,179889861,925363603,5343,3878,3,2226,11450,JEFFERSON,2012
78,EADS RE-1,1302931,898472,0,0,2201402,7553,5209,0,0,12762,KIOWA,2012
79,PLAINVIEW RE-2,589997,606770,0,0,1196767,7613,7829,0,0,15442,KIOWA,2012
80,ARRIBA-FLAGLER C-20,1219789,950059,684,131625,2302156,8214,6398,5,886,15503,KIT CARSON,2012
81,HI PLAINS R-23,992965,779554,0,2898892,4671411,8027,6302,0,23435,37764,KIT CARSON,2012
82,STRATTON R-4,1358582,1008035,0,5562,2372179,7950,5898,0,33,13881,KIT CARSON,2012
83,BETHUNE R-5,1184342,807215,0,425,1991982,9724,6627,0,3,16355,KIT CARSON,2012
84,BURLINGTON RE-6J,3585251,2372808,0,543014,6501073,4905,3246,0,743,8893,KIT CARSON,2012
85,LAKE COUNTY R-1,6035723,4606608,830843,282626,11755799,5604,4277,771,262,10914,LAKE,2012
86,DURANGO 9-R,23808874,21037559,193299,10256392,55296124,5417,4787,44,2334,12581,LA PLATA,2012
87,BAYFIELD 10 JT-R,6429980,4855198,0,1319633,12604811,4851,3663,0,996,9510,LA PLATA,2012
88,IGNACIO 11 JT,5119414,4245105,1695,3413649,12779863,6817,5653,2,4545,17017,LA PLATA,2012
89,POUDRE R-1,145197917,125473523,527937,49060683,320260060,5511,4763,20,1862,12156,LARIMER,2012
90,THOMPSON R-2J,72870289,52986436,1141325,13125979,140124030,4890,3555,77,881,9402,LARIMER,2012
91,PARK (ESTES PARK) R-3,6228674,4590407,0,1744531,12563611,5632,4151,0,1577,11361,LARIMER,2012
92,TRINIDAD 1,5896361,4579486,0,530700,11006547,4285,3328,0,386,7998,LAS ANIMAS,2012
93,PRIMERO REORGANIZED 2,1503828,1470940,0,1364021,4338788,7837,7665,0,7108,22610,LAS ANIMAS,2012
94,HOEHNE REORGANIZED 3,1528056,1372992,0,322030,3223077,4191,3766,0,883,8840,LAS ANIMAS,2012
95,AGUILAR REORGANIZED 6,1011951,787676,0,83173,1882800,10326,8038,0,849,19212,LAS ANIMAS,2012
96,BRANSON REORGANIZED 82,1926681,1073329,18182,0,3018193,4468,2489,42,0,7000,LAS ANIMAS,2012
97,KIM REORGANIZED 88,479408,465429,0,0,944837,8911,8651,0,0,17562,LAS ANIMAS,2012
98,GENOA-HUGO C-113,1392693,865854,409,6830918,9089874,8640,5371,3,42375,56389,LINCOLN,2012
99,LIMON RE-4J,2568930,1681875,312,242431,4493549,5781,3785,1,546,10111,LINCOLN,2012
100,KARVAL RE-23,787294,884843,0,0,1672137,5880,6608,0,0,12488,LINCOLN,2012
101,VALLEY RE-1,11995811,7664089,90640,1757535,21508075,5313,3395,40,778,9527,LOGAN,2012
102,FRENCHMAN RE-3,1575317,858711,0,44570,2478598,8256,4501,0,234,12991,LOGAN,2012
103,BUFFALO RE-4,1937888,1301632,0,160413,3399932,6160,4137,0,510,10807,LOGAN,2012
104,PLATEAU RE-5,1768587,1132643,0,319084,3220314,9643,6176,0,1740,17559,LOGAN,2012
105,DE BEQUE 49JT,1046630,830920,0,260763,2138313,8817,7000,0,2197,18014,MESA,2012
106,PLATEAU VALLEY 50,2166845,1691216,0,294556,4152617,4505,3516,0,612,8633,MESA,2012
107,MESA COUNTY VALLEY 51,106190736,76147146,368927,19619764,202326573,5079,3642,18,938,9677,MESA,2012
108,CREEDE CONSOLIDATED 1,959760,705187,0,0,1664947,10617,7801,0,0,18418,MINERAL,2012
109,MOFFAT COUNTY RE:NO 1,11847752,9847861,0,2795616,24491229,5393,4482,0,1272,11148,MOFFAT,2012
110,MONTEZUMA-CORTEZ RE-1,12641874,13196910,500,365709,26204993,4554,4754,0,132,9439,MONTEZUMA,2012
111,DOLORES RE-4A,3599801,2372604,106,443818,6416329,5050,3328,0,623,9000,MONTEZUMA,2012
112,MANCOS RE-6,1849377,1743483,0,189515,3782375,4830,4553,0,495,9878,MONTEZUMA,2012
113,MONTROSE COUNTY RE-1J,28549920,24783386,490290,922538,54746134,4773,4143,82,154,9152,MONTROSE,2012
114,WEST END RE-2,1792548,1825346,360,115542,3733797,5928,6036,1,382,12347,MONTROSE,2012
115,BRUSH RE-2(J),7236119,5562413,0,1114468,13913000,4978,3827,0,767,9571,MORGAN,2012
116,FORT MORGAN RE-3,13914685,11397164,349839,2155975,27817662,4677,3831,118,725,9350,MORGAN,2012
117,WELDON VALLEY RE-20(J),1502066,915852,26145,78335,2522397,7571,4616,132,395,12714,MORGAN,2012
118,WIGGINS RE-50(J),2813464,1956966,0,390801,5161231,5721,3979,0,795,10495,MORGAN,2012
119,EAST OTERO R-1,6850352,5267039,350747,840790,13308928,5190,3990,266,637,10083,OTERO,2012
120,ROCKY FORD R-2,4258763,3234060,25181,0,7518004,5244,3982,31,0,9257,OTERO,2012
121,MANZANOLA 3J,1149943,1220707,5125,68684,2444459,7306,7755,33,436,15530,OTERO,2012
122,FOWLER R-4J,2437091,1401329,0,200990,4039410,5956,3425,0,491,9871,OTERO,2012
123,CHERAW 31,1375798,978940,47318,33535,2435591,6692,4761,230,163,11846,OTERO,2012
124,SWINK 33,2125168,1439478,0,187213,3751858,5968,4042,0,526,10536,OTERO,2012
125,OURAY R-1,1714541,1026349,0,192683,2933573,8686,5199,0,976,14861,OURAY,2012
126,RIDGWAY R-2,2136945,1915540,4000,801479,4857964,6483,5812,12,2432,14739,OURAY,2012
127,PLATTE CANYON 1,5016206,4512437,121174,900892,10550709,4642,4175,112,834,9763,PARK,2012
128,PARK COUNTY RE-2,3909176,2590367,5055,1809226,8313824,7579,5022,10,3508,16118,PARK,2012
129,HOLYOKE RE-1J,3574683,1939499,0,424825,5939006,6066,3291,0,721,10078,PHILLIPS,2012
130,HAXTUN RE-2J,2006930,1018163,0,0,3025093,6911,3506,0,0,10417,PHILLIPS,2012
131,ASPEN 1,17565169,7573062,765623,7157232,33061086,10631,4584,463,4332,20010,PITKIN,2012
132,GRANADA RE-1,1625797,993843,0,0,2619640,7431,4542,0,0,11973,PROWERS,2012
133,LAMAR RE-2,7630264,4024806,94483,367468,12117021,4845,2556,60,233,7694,PROWERS,2012
134,HOLLY RE-3,1712787,1052600,11538,252625,3029551,6274,3856,42,925,11097,PROWERS,2012
135,WILEY RE-13 JT,1517224,937172,0,90963,2545360,6788,4193,0,407,11389,PROWERS,2012
136,PUEBLO CITY 60,81358675,64350400,153093,8620551,154482720,4814,3808,9,510,9141,PUEBLO,2012
137,PUEBLO COUNTY RURAL 70,39202790,28454268,0,15543040,83200098,4509,3273,0,1788,9569,PUEBLO,2012
138,MEEKER RE1,4142780,2536129,0,2049331,8728240,6422,3931,0,3177,13530,RIO BLANCO,2012
139,RANGELY RE-4,3286137,2567793,14665,1826288,7694883,7082,5534,32,3936,16584,RIO BLANCO,2012
140,DEL NORTE C-7,2501248,1977874,0,559745,5038868,4568,3612,0,1022,9202,RIO GRANDE,2012
141,MONTE VISTA C-8,5115188,3907488,0,652047,9674722,4632,3539,0,591,8762,RIO GRANDE,2012
142,SARGENT RE-33J,2318615,1752677,0,371473,4442766,4988,3771,0,799,9558,RIO GRANDE,2012
143,HAYDEN RE-1,3422014,2080365,0,514809,6017188,8946,5439,0,1346,15731,ROUTT,2012
144,STEAMBOAT SPRINGS RE-2,14109462,11338586,1513,13094973,38544533,6219,4997,1,5772,16988,ROUTT,2012
145,SOUTH ROUTT RE 3,3275400,2067546,0,850826,6193772,8559,5403,0,2223,16184,ROUTT,2012
146,MOUNTAIN VALLEY RE 1,1140154,908861,101304,0,2150319,10180,8115,905,0,19199,SAGUACHE,2012
147,MOFFAT 2,1595884,1389496,0,225283,3210664,8109,7060,0,1145,16314,SAGUACHE,2012
148,CENTER 26 JT,4143495,3397805,72256,517054,8130611,7056,5786,123,881,13846,SAGUACHE,2012
149,SILVERTON 1,845731,565959,140194,105880,1657764,13112,8775,2174,1642,25702,SAN JUAN,2012
150,TELLURIDE R-1,5813829,3274342,293039,7083367,16464577,7480,4212,377,9113,21182,SAN MIGUEL,2012
151,NORWOOD R-2J,1946035,1359275,0,308630,3613939,7605,5312,0,1206,14122,SAN MIGUEL,2012
152,JULESBURG RE-1,5111390,1835739,0,95701,7042830,4753,1707,0,89,6550,SEDGWICK,2012
153,PLATTE VALLEY RE-3,1070787,775412,0,72431,1918630,8748,6335,0,592,15675,SEDGWICK,2012
154,SUMMIT RE-1,19248191,15645247,0,7011895,41905334,6524,5303,0,2377,14203,SUMMIT,2012
155,CRIPPLE CREEK-VICTOR RE-1,3529278,2004716,0,995471,6529465,9212,5233,0,2598,17044,TELLER,2012
156,WOODLAND PARK RE-2,13286425,8239714,0,6372617,27898756,5121,3176,0,2456,10753,TELLER,2012
157,AKRON R-1,2275232,1451820,0,586533,4313585,6347,4050,0,1636,12032,WASHINGTON,2012
158,ARICKAREE R-2,984713,921189,0,0,1905902,9788,9157,0,0,18945,WASHINGTON,2012
159,OTIS R-3,1406361,910343,0,104301,2421005,7561,4894,0,561,13016,WASHINGTON,2012
160,LONE STAR 101,1140684,932949,0,0,2073633,10086,8249,0,0,18335,WASHINGTON,2012
161,WOODLIN R-104,784060,837068,0,0,1621128,8578,9158,0,0,17737,WASHINGTON,2012
162,WELD RE-1,9760479,6686045,15669,7513,16469706,5398,3697,9,4,9108,WELD,2012
163,EATON RE-2,8293448,4996910,750,1626534,14917642,4645,2799,0,911,8355,WELD,2012
164,KEENESBURG RE-3(J),10622046,9074106,7631,14713779,34417562,4959,4236,4,6869,16068,WELD,2012
165,WINDSOR RE-4,21143929,15019541,167,7773752,43937389,4719,3352,0,1735,9805,WELD,2012
166,JOHNSTOWN-MILIKEN RE-5J,15869368,9017357,0,2305170,27191895,5020,2852,0,729,8601,WELD,2012
167,GREELEY 6,98098896,67472364,0,12967190,178538450,5100,3508,0,674,9282,WELD,2012
168,PLATTE VALLEY RE-7,6308055,4611192,0,4322465,15241712,5786,4229,0,3964,13979,WELD,2012
169,WELD COUNTY S/D RE-8,12156707,10774643,13632,1157088,24102071,5413,4797,6,515,10731,WELD,2012
170,AULT-HIGHLAND RE-9,4213289,3346190,0,499243,8058723,5165,4102,0,612,9880,WELD,2012
171,BRIGGSDALE RE-10,1244008,1027940,0,412500,2684447,8141,6727,0,2700,17568,WELD,2012
172,PRAIRIE RE-11,1239597,863609,0,257106,2360312,7258,5056,0,1505,13819,WELD,2012
173,PAWNEE RE-12,1088832,755669,0,59093,1903594,12444,8636,0,675,21755,WELD,2012
174,YUMA 1,4767616,3060117,0,761281,8589015,6156,3951,0,983,11090,YUMA,2012
175,WRAY RD-2,3933428,2857350,0,6011673,12802451,5749,4176,0,8786,18712,YUMA,2012
176,IDALIA RJ-3,1058571,957184,0,288434,2304189,6786,6136,0,1849,14770,YUMA,2012
177,LIBERTY J-4,853026,707357,0,0,1560383,10978,9104,0,0,20082,YUMA,2012
178,CHARTER SCHOOL INSTITUTE,40561158,40549832,254978,6088775,87454743,3593,3592,23,539,7746,,2012
179,GLOBAL VILLAGE CHARTER COLLABORATIVE,0,1683729,0,0,1683729,,,,,,,2012
